Workbook

Sheet grade_summary
A1: derived_grade_code | B1: grade_label | C1: risk_weight | D1: num_loans | E1: total_exposure | F1: weighted_exposure | G1: num_defaulted | H1: num_paid | I1: num_unresolved | J1: default_rate_pct
A2: A | B2: Low Risk | C2: 0.5 | D2: 381996 | E2: 5587912125 | F2: 2.7939561e+09 | G2: 11722 | H2: 188156 | I2: 182118 | J2: 5.86
A3: B | B3: Medium-Low Risk | C3: 1 | D3: 664903 | E3: 9455245400 | F3: 9455245400 | G3: 49617 | H3: 319870 | I3: 295416 | J3: 13.43
A4: C | B4: Medium Risk | C4: 1.5 | D4: 661791 | E4: 9824927900 | F4: 14737391850 | G4: 88841 | H4: 322092 | I4: 250858 | J4: 21.62
A5: D | B5: High Risk | C5: 2 | D5: 365993 | E5: 5868162225 | F5: 11736324450 | G5: 68757 | H5: 150467 | I5: 146769 | J5: 31.36
A6: E | B6: Very High Risk | C6: 2.5 | D6: 185983 | E6: 3279828275 | F6: 8.1995707e+09 | G6: 43510 | H6: 63355 | I6: 79118 | J6: 40.71

Sheet contingency_table
A1: grade | B1: defaulted | C1: paid_not_defaulted
A2: A | B2: =grade_summary!G2 -> 11722 | C2: =grade_summary!H2 -> 188156
A3: B | B3: =grade_summary!G3 -> 49617 | C3: =grade_summary!H3 -> 319870
A4: C | B4: =grade_summary!G4 -> 88841 | C4: =grade_summary!H4 -> 322092
A5: D | B5: =grade_summary!G5 -> 68757 | C5: =grade_summary!H5 -> 150467
A6: E | B6: =grade_summary!G6 -> 43510 | C6: =grade_summary!H6 -> 63355

Sheet expected_values
A1: grade | B1: default_expected | C1: paid_expected
A2: A | B2: =(SUM(contingency_table!$B2:$C2) * SUM(contingency_table!$B$2:$B$6)) / SUM(contingency_table!$B$2:$C$6) -> 40154.55 | C2: =(SUM(contingency_table!$B2:$C2) * SUM(contingency_table!$C$2:$C$6)) / SUM(contingency_table!$B$2:$C$6) -> 159723.45
A3: B | B3: =(SUM(contingency_table!$B3:$C3) * SUM(contingency_table!$B$2:$B$6)) / SUM(contingency_table!$B$2:$C$6) -> 74228.199 | C3: =(SUM(contingency_table!$B3:$C3) * SUM(contingency_table!$C$2:$C$6)) / SUM(contingency_table!$B$2:$C$6) -> 295258.8
A4: C | B4: =(SUM(contingency_table!$B4:$C4) * SUM(contingency_table!$B$2:$B$6)) / SUM(contingency_table!$B$2:$C$6) -> 82554.506 | C4: =(SUM(contingency_table!$B4:$C4) * SUM(contingency_table!$C$2:$C$6)) / SUM(contingency_table!$B$2:$C$6) -> 328378.49
A5: D | B5: =(SUM(contingency_table!$B5:$C5) * SUM(contingency_table!$B$2:$B$6)) / SUM(contingency_table!$B$2:$C$6) -> 44041.07 | C5: =(SUM(contingency_table!$B5:$C5) * SUM(contingency_table!$C$2:$C$6)) / SUM(contingency_table!$B$2:$C$6) -> 175182.93
A6: E | B6: =(SUM(contingency_table!$B6:$C6) * SUM(contingency_table!$B$2:$B$6)) / SUM(contingency_table!$B$2:$C$6) -> 21468.676 | C6: =(SUM(contingency_table!$B6:$C6) * SUM(contingency_table!$C$2:$C$6)) / SUM(contingency_table!$B$2:$C$6) -> 85396.324
A9: chisq_test | B9: =_xlfn.CHISQ.TEST(contingency_table!B2:C6, expected_values!B2:C6) -> 0 | C9: p < 0.0001 (below floating-point display limit)
